{
  "mlsys-2026-1": {
    "v8": 91691.2,
    "v10": 91691.2,
    "change_pct": 0.0,
    "sg_v8": 1,
    "sg_v10": 1
  },
  "mlsys-2026-13": {
    "v8": 6956646.39999975,
    "v10": 423362.5599999986,
    "change_pct": -93.9,
    "sg_v8": 21,
    "sg_v10": 5
  },
  "mlsys-2026-17": {
    "v8": 767764.48,
    "v10": 767764.48,
    "change_pct": 0.0,
    "sg_v8": 29,
    "sg_v10": 29
  },
  "mlsys-2026-5": {
    "v8": 460966.6666666662,
    "v10": 190075.10833333308,
    "change_pct": -58.8,
    "sg_v8": 9,
    "sg_v10": 2
  },
  "mlsys-2026-9": {
    "v8": 6421177.439999975,
    "v10": 3129991.999999951,
    "change_pct": -51.3,
    "sg_v8": 16,
    "sg_v10": 2
  },
  "TOTAL": {
    "v8": 14698246.186666392,
    "v10": 4602885.348333282,
    "change_pct": -68.7
  }
}