{
  "granularities": [
    [
      128,
      1024,
      32
    ],
    [
      128,
      1024,
      256
    ],
    [
      128,
      1024,
      32
    ],
    [
      128,
      1024,
      256
    ],
    [
      128,
      1024,
      32
    ],
    [
      128,
      1024,
      256
    ],
    [
      128,
      1024,
      32
    ],
    [
      128,
      1024,
      256
    ],
    [
      128,
      1024,
      32
    ],
    [
      128,
      1024,
      256
    ],
    [
      128,
      1024,
      64
    ],
    [
      64,
      512,
      1
    ]
  ],
  "subgraph_latencies": [
    209715.19999999704,
    167772.16,
    335544.3199999943,
    335544.32,
    167772.15999999715,
    167772.16,
    167772.15999999715,
    167772.16,
    167772.15999999715,
    167772.16,
    671088.6399999915,
    41943.04
  ],
  "subgraphs": [
    [
      0
    ],
    [
      1,
      2,
      3
    ],
    [
      4,
      5,
      6
    ],
    [
      7,
      8,
      9,
      10,
      11
    ],
    [
      12
    ],
    [
      13,
      14,
      15
    ],
    [
      16
    ],
    [
      17,
      18,
      19
    ],
    [
      20
    ],
    [
      21,
      22,
      23
    ],
    [
      24,
      25,
      26,
      27,
      28,
      29,
      30
    ],
    [
      31
    ]
  ],
  "tensors_to_retain": [
    [
      0,
      17
    ],
    [
      20
    ],
    [
      20,
      23
    ],
    [
      28
    ],
    [
      28,
      29
    ],
    [
      32
    ],
    [
      32,
      33
    ],
    [
      36
    ],
    [
      36,
      37
    ],
    [
      40
    ],
    [
      44,
      47
    ],
    []
  ],
  "traversal_orders": [
    [
      0,
      1,
      2,
      3,
      4,
      5,
      6,
      7,
      8,
      9,
      10,
      11,
      12,
      13,
      14,
      15,
      16,
      17,
      18,
      19,
      20,
      21,
      22,
      23,
      24,
      25,
      26,
      27,
      28,
      29,
      30,
      31
    ],
    [
      0,
      1,
      2,
      3,
      4,
      5,
      6,
      7,
      8,
      9,
      10,
      11,
      12,
      13,
      14,
      15,
      16,
      17,
      18,
      19,
      20,
      21,
      22,
      23,
      24,
      25,
      26,
      27,
      28,
      29,
      30,
      31
    ],
    [
      0,
      1,
      2,
      3,
      4,
      5,
      6,
      7,
      8,
      9,
      10,
      11,
      12,
      13,
      14,
      15,
      16,
      17,
      18,
      19,
      20,
      21,
      22,
      23,
      24,
      25,
      26,
      27,
      28,
      29,
      30,
      31
    ],
    [
      0,
      1,
      2,
      3,
      4,
      5,
      6,
      7,
      8,
      9,
      10,
      11,
      12,
      13,
      14,
      15,
      16,
      17,
      18,
      19,
      20,
      21,
      22,
      23,
      24,
      25,
      26,
      27,
      28,
      29,
      30,
      31
    ],
    [
      0,
      1,
      2,
      3,
      4,
      5,
      6,
      7,
      8,
      9,
      10,
      11,
      12,
      13,
      14,
      15,
      16,
      17,
      18,
      19,
      20,
      21,
      22,
      23,
      24,
      25,
      26,
      27,
      28,
      29,
      30,
      31
    ],
    [
      0,
      1,
      2,
      3,
      4,
      5,
      6,
      7,
      8,
      9,
      10,
      11,
      12,
      13,
      14,
      15,
      16,
      17,
      18,
      19,
      20,
      21,
      22,
      23,
      24,
      25,
      26,
      27,
      28,
      29,
      30,
      31
    ],
    [
      0,
      1,
      2,
      3,
      4,
      5,
      6,
      7,
      8,
      9,
      10,
      11,
      12,
      13,
      14,
      15,
      16,
      17,
      18,
      19,
      20,
      21,
      22,
      23,
      24,
      25,
      26,
      27,
      28,
      29,
      30,
      31
    ],
    [
      0,
      1,
      2,
      3,
      4,
      5,
      6,
      7,
      8,
      9,
      10,
      11,
      12,
      13,
      14,
      15,
      16,
      17,
      18,
      19,
      20,
      21,
      22,
      23,
      24,
      25,
      26,
      27,
      28,
      29,
      30,
      31
    ],
    [
      0,
      1,
      2,
      3,
      4,
      5,
      6,
      7,
      8,
      9,
      10,
      11,
      12,
      13,
      14,
      15,
      16,
      17,
      18,
      19,
      20,
      21,
      22,
      23,
      24,
      25,
      26,
      27,
      28,
      29,
      30,
      31
    ],
    [
      0,
      1,
      2,
      3,
      4,
      5,
      6,
      7,
      8,
      9,
      10,
      11,
      12,
      13,
      14,
      15,
      16,
      17,
      18,
      19,
      20,
      21,
      22,
      23,
      24,
      25,
      26,
      27,
      28,
      29,
      30,
      31
    ],
    [
      0,
      1,
      2,
      3,
      4,
      5,
      6,
      7,
      8,
      9,
      10,
      11,
      12,
      13,
      14,
      15,
      16,
      17,
      18,
      19,
      20,
      21,
      22,
      23,
      24,
      25,
      26,
      27,
      28,
      29,
      30,
      31
    ],
    [
      0,
      1,
      2,
      3,
      4,
      5,
      6,
      7,
      8,
      9,
      10,
      11,
      12,
      13,
      14,
      15,
      31,
      30,
      29,
      28,
      27,
      26,
      25,
      24,
      23,
      22,
      21,
      20,
      19,
      18,
      17,
      16
    ]
  ]
}
