{
  "granularities": [
    [
      128,
      128,
      16
    ],
    [
      128,
      128,
      16
    ],
    [
      128,
      128,
      16
    ],
    [
      128,
      128,
      16
    ],
    [
      128,
      128,
      16
    ],
    [
      128,
      128,
      16
    ],
    [
      128,
      128,
      1
    ]
  ],
  "subgraph_latencies": [
    83886.07999999965,
    83886.07999999965,
    83886.07999999965,
    83886.07999999965,
    83886.07999999965,
    43909.119999999784,
    3276.7999999999997
  ],
  "subgraphs": [
    [
      0,
      1,
      2,
      3,
      4,
      5,
      6,
      7,
      8
    ],
    [
      9,
      10,
      11,
      12,
      13,
      14,
      15,
      16,
      17
    ],
    [
      18,
      19,
      20,
      21,
      22,
      23,
      24,
      25,
      26
    ],
    [
      27,
      28,
      29,
      30,
      31,
      32,
      33,
      34,
      35
    ],
    [
      36,
      37,
      38,
      39,
      40,
      41,
      42,
      43,
      44
    ],
    [
      45,
      46,
      47,
      48,
      49,
      50,
      51,
      52
    ],
    [
      53,
      54,
      55,
      56,
      57,
      58,
      59,
      60,
      61,
      62
    ]
  ],
  "tensors_to_retain": [
    [
      36,
      39,
      42
    ],
    [
      45,
      48,
      51
    ],
    [
      54,
      57,
      60
    ],
    [
      63,
      66,
      69
    ],
    [
      72,
      75,
      78
    ],
    [
      81,
      86
    ],
    []
  ],
  "traversal_orders": [
    [
      0,
      1,
      2,
      3,
      4,
      5,
      6,
      7,
      8,
      9,
      10,
      11,
      12,
      13,
      14,
      15,
      16,
      17,
      18,
      19,
      20,
      21,
      22,
      23,
      24,
      25,
      26,
      27,
      28,
      29,
      30,
      31
    ],
    [
      0,
      1,
      2,
      3,
      4,
      5,
      6,
      7,
      8,
      9,
      10,
      11,
      12,
      13,
      14,
      15,
      16,
      17,
      18,
      19,
      20,
      21,
      22,
      23,
      24,
      25,
      26,
      27,
      28,
      29,
      30,
      31
    ],
    [
      0,
      1,
      2,
      3,
      4,
      5,
      6,
      7,
      8,
      9,
      10,
      11,
      12,
      13,
      14,
      15,
      16,
      17,
      18,
      19,
      20,
      21,
      22,
      23,
      24,
      25,
      26,
      27,
      28,
      29,
      30,
      31
    ],
    [
      0,
      1,
      2,
      3,
      4,
      5,
      6,
      7,
      8,
      9,
      10,
      11,
      12,
      13,
      14,
      15,
      16,
      17,
      18,
      19,
      20,
      21,
      22,
      23,
      24,
      25,
      26,
      27,
      28,
      29,
      30,
      31
    ],
    [
      0,
      1,
      2,
      3,
      4,
      5,
      6,
      7,
      8,
      9,
      10,
      11,
      12,
      13,
      14,
      15,
      16,
      17,
      18,
      19,
      20,
      21,
      22,
      23,
      24,
      25,
      26,
      27,
      28,
      29,
      30,
      31
    ],
    [
      0,
      1,
      2,
      3,
      4,
      5,
      6,
      7,
      8,
      9,
      10,
      11,
      12,
      13,
      14,
      15,
      16,
      17,
      18,
      19,
      20,
      21,
      22,
      23,
      24,
      25,
      26,
      27,
      28,
      29,
      30,
      31
    ],
    null
  ]
}
