{
  "granularities": [
    [
      128,
      128,
      128
    ],
    [
      128,
      128,
      16
    ],
    [
      128,
      128,
      128
    ],
    [
      128,
      128,
      16
    ],
    [
      128,
      128,
      128
    ],
    [
      128,
      128,
      16
    ],
    [
      128,
      128,
      64
    ],
    [
      128,
      128,
      64
    ],
    [
      128,
      128,
      16
    ],
    [
      128,
      128,
      1
    ],
    [
      128,
      128,
      1
    ],
    [
      128,
      128,
      1
    ],
    [
      128,
      128,
      1
    ],
    [
      128,
      128,
      1
    ],
    [
      128,
      128,
      1
    ],
    [
      128,
      128,
      1
    ],
    [
      128,
      128,
      1
    ],
    [
      128,
      128,
      1
    ],
    [
      128,
      128,
      1
    ],
    [
      128,
      128,
      1
    ],
    [
      128,
      128,
      1
    ],
    [
      128,
      128,
      1
    ]
  ],
  "subgraph_latencies": [
    1373634.5599999782,
    10485.759999999957,
    1373634.5599999782,
    10485.759999999957,
    1373634.5599999782,
    10485.759999999957,
    1719664.639999943,
    1709178.8799999394,
    10485.759999999957,
    20971.52,
    10485.76,
    327.68,
    327.68,
    327.68,
    327.68,
    327.68,
    327.68,
    327.68,
    327.68,
    327.68,
    327.68,
    1310.72
  ],
  "subgraphs": [
    [
      0,
      1,
      2,
      3,
      4,
      5,
      6,
      7
    ],
    [
      8
    ],
    [
      9,
      10,
      11,
      12,
      13,
      14,
      15,
      16
    ],
    [
      17
    ],
    [
      18,
      19,
      20,
      21,
      22,
      23,
      24,
      25
    ],
    [
      26
    ],
    [
      27,
      28,
      29,
      30,
      31,
      32,
      33,
      34,
      35,
      36
    ],
    [
      37,
      38,
      39,
      40,
      41,
      42,
      43,
      44,
      45,
      46
    ],
    [
      47
    ],
    [
      48
    ],
    [
      49
    ],
    [
      50
    ],
    [
      51
    ],
    [
      52
    ],
    [
      53
    ],
    [
      54
    ],
    [
      55
    ],
    [
      56
    ],
    [
      57
    ],
    [
      58
    ],
    [
      59
    ],
    [
      60,
      61,
      62
    ]
  ],
  "tensors_to_retain": [
    [
      41,
      36,
      39
    ],
    [
      42
    ],
    [
      50,
      45,
      48
    ],
    [
      51
    ],
    [
      59,
      54,
      57
    ],
    [
      60
    ],
    [
      70,
      63,
      66,
      69
    ],
    [
      80,
      72,
      75,
      78
    ],
    [
      81
    ],
    [
      82
    ],
    [
      83
    ],
    [
      84
    ],
    [
      85
    ],
    [
      86
    ],
    [
      87
    ],
    [
      88
    ],
    [
      89
    ],
    [
      90
    ],
    [
      91
    ],
    [
      92
    ],
    [
      93
    ],
    []
  ],
  "traversal_orders": [
    [
      0,
      1,
      2,
      3,
      4,
      5,
      6,
      7,
      8,
      9,
      10,
      11,
      12,
      13,
      14,
      15,
      16,
      17,
      18,
      19,
      20,
      21,
      22,
      23,
      24,
      25,
      26,
      27,
      28,
      29,
      30,
      31
    ],
    null,
    [
      0,
      1,
      2,
      3,
      4,
      5,
      6,
      7,
      8,
      9,
      10,
      11,
      12,
      13,
      14,
      15,
      16,
      17,
      18,
      19,
      20,
      21,
      22,
      23,
      24,
      25,
      26,
      27,
      28,
      29,
      30,
      31
    ],
    null,
    [
      0,
      1,
      2,
      3,
      4,
      5,
      6,
      7,
      8,
      9,
      10,
      11,
      12,
      13,
      14,
      15,
      16,
      17,
      18,
      19,
      20,
      21,
      22,
      23,
      24,
      25,
      26,
      27,
      28,
      29,
      30,
      31
    ],
    null,
    [
      0,
      1,
      2,
      3,
      4,
      5,
      6,
      7,
      8,
      9,
      10,
      11,
      12,
      13,
      14,
      15,
      16,
      17,
      18,
      19,
      20,
      21,
      22,
      23,
      24,
      25,
      26,
      27,
      28,
      29,
      30,
      31
    ],
    [
      0,
      1,
      2,
      3,
      4,
      5,
      6,
      7,
      8,
      9,
      10,
      11,
      12,
      13,
      14,
      15,
      16,
      17,
      18,
      19,
      20,
      21,
      22,
      23,
      24,
      25,
      26,
      27,
      28,
      29,
      30,
      31
    ],
    null,
    [
      0,
      1,
      2,
      3,
      4,
      5,
      6,
      7,
      8,
      9,
      10,
      11,
      12,
      13,
      14,
      15,
      16,
      17,
      18,
      19,
      20,
      21,
      22,
      23,
      24,
      25,
      26,
      27,
      28,
      29,
      30,
      31
    ],
    [
      0,
      1,
      2,
      3,
      4,
      5,
      6,
      7,
      8,
      9,
      10,
      11,
      12,
      13,
      14,
      15,
      16,
      17,
      18,
      19,
      20,
      21,
      22,
      23,
      24,
      25,
      26,
      27,
      28,
      29,
      30,
      31
    ],
    null,
    null,
    null,
    null,
    null,
    null,
    null,
    null,
    null,
    null,
    null
  ]
}
