{
  "granularities": [
    [
      192,
      128,
      16
    ],
    [
      128,
      192,
      16
    ],
    [
      128,
      192,
      16
    ],
    [
      128,
      192,
      32
    ],
    [
      128,
      192,
      16
    ],
    [
      128,
      192,
      32
    ],
    [
      64,
      128,
      1
    ],
    [
      32,
      512,
      1
    ]
  ],
  "subgraph_latencies": [
    28945.06666666666,
    18411.941666666677,
    19738.13333333334,
    4644.2,
    19738.13333333334,
    4644.2,
    17476.266666666666,
    8738.133333333333
  ],
  "subgraphs": [
    [
      0
    ],
    [
      1,
      2,
      3,
      4
    ],
    [
      5,
      6,
      7
    ],
    [
      8,
      9
    ],
    [
      10,
      11,
      12
    ],
    [
      13,
      14
    ],
    [
      15,
      16,
      17
    ],
    [
      18
    ]
  ],
  "tensors_to_retain": [
    [
      0,
      10
    ],
    [
      0,
      14
    ],
    [
      0,
      17
    ],
    [
      0,
      19
    ],
    [
      0,
      22
    ],
    [
      0,
      24
    ],
    [
      27
    ],
    []
  ],
  "traversal_orders": [
    [
      0,
      3,
      6,
      9,
      12,
      15,
      18,
      21,
      22,
      19,
      16,
      13,
      10,
      7,
      4,
      1,
      2,
      5,
      8,
      11,
      14,
      17,
      20,
      23
    ],
    [
      0,
      1,
      2,
      3,
      7,
      6,
      5,
      4,
      8,
      9,
      10,
      11,
      15,
      14,
      13,
      12,
      16,
      17,
      18,
      19,
      23,
      22,
      21,
      20
    ],
    [
      0,
      1,
      2,
      3,
      7,
      6,
      5,
      4,
      8,
      9,
      10,
      11,
      15,
      14,
      13,
      12,
      16,
      17,
      18,
      19,
      23,
      22,
      21,
      20
    ],
    [
      0,
      1,
      2,
      3,
      4,
      5
    ],
    [
      0,
      1,
      2,
      3,
      7,
      6,
      5,
      4,
      8,
      9,
      10,
      11,
      15,
      14,
      13,
      12,
      16,
      17,
      18,
      19,
      23,
      22,
      21,
      20
    ],
    [
      0,
      1,
      2,
      3,
      4,
      5
    ],
    [
      0,
      1,
      3,
      2,
      4,
      5,
      7,
      6,
      8,
      9,
      11,
      10,
      12,
      13,
      15,
      14
    ],
    [
      0,
      1,
      2,
      3,
      7,
      6,
      5,
      4
    ]
  ]
}
