{
  "granularities": [
    [
      128,
      128,
      16
    ],
    [
      128,
      64,
      16
    ]
  ],
  "subgraph_latencies": [
    59189.008333333266,
    130886.09999999982
  ],
  "subgraphs": [
    [
      0,
      1,
      2,
      3,
      4
    ],
    [
      5,
      6,
      7,
      8,
      9,
      10,
      11,
      12,
      13,
      14,
      15,
      16,
      17,
      18
    ]
  ],
  "tensors_to_retain": [
    [],
    []
  ],
  "traversal_orders": [
    [
      0,
      1,
      2,
      3,
      7,
      6,
      5,
      4,
      8,
      9,
      10,
      11,
      15,
      14,
      13,
      12,
      16,
      17,
      18,
      19,
      23,
      22,
      21,
      20,
      24,
      25,
      26,
      27,
      31,
      30,
      29,
      28
    ],
    [
      0,
      1,
      2,
      3,
      7,
      6,
      5,
      4,
      8,
      9,
      10,
      11,
      15,
      14,
      13,
      12,
      16,
      17,
      18,
      19,
      23,
      22,
      21,
      20,
      24,
      25,
      26,
      27,
      31,
      30,
      29,
      28,
      32,
      33,
      34,
      35,
      39,
      38,
      37,
      36,
      40,
      41,
      42,
      43,
      47,
      46,
      45,
      44,
      48,
      49,
      50,
      51,
      55,
      54,
      53,
      52,
      56,
      57,
      58,
      59,
      63,
      62,
      61,
      60
    ]
  ]
}
