{
  "granularities": [
    [
      128,
      1024,
      64
    ],
    [
      1024,
      64,
      32
    ],
    [
      128,
      1024,
      64
    ],
    [
      1024,
      64,
      32
    ],
    [
      128,
      1024,
      64
    ],
    [
      1024,
      64,
      32
    ],
    [
      128,
      1024,
      64
    ],
    [
      1024,
      64,
      32
    ],
    [
      128,
      1024,
      64
    ],
    [
      1024,
      64,
      32
    ],
    [
      128,
      1024,
      64
    ],
    [
      1024,
      64,
      32
    ],
    [
      128,
      1024,
      64
    ],
    [
      1024,
      64,
      32
    ],
    [
      128,
      1024,
      64
    ],
    [
      1024,
      64,
      32
    ]
  ],
  "subgraph_latencies": [
    383216.7799999999,
    419430.3999999993,
    383216.7799999999,
    419430.3999999993,
    383216.7799999999,
    419430.3999999993,
    383216.7799999999,
    419430.3999999993,
    383216.7799999999,
    419430.3999999993,
    383216.7799999999,
    419430.3999999993,
    383216.7799999999,
    419430.3999999993,
    383216.7799999999,
    419430.3999999993
  ],
  "subgraphs": [
    [
      0,
      1
    ],
    [
      2,
      3
    ],
    [
      4,
      5
    ],
    [
      6,
      7
    ],
    [
      8,
      9
    ],
    [
      10,
      11
    ],
    [
      12,
      13
    ],
    [
      14,
      15
    ],
    [
      16,
      17
    ],
    [
      18,
      19
    ],
    [
      20,
      21
    ],
    [
      22,
      23
    ],
    [
      24,
      25
    ],
    [
      26,
      27
    ],
    [
      28,
      29
    ],
    [
      30,
      31
    ]
  ],
  "tensors_to_retain": [
    [],
    [],
    [],
    [],
    [],
    [],
    [],
    [],
    [],
    [],
    [],
    [],
    [],
    [],
    [],
    []
  ],
  "traversal_orders": [
    [
      0,
      1,
      2,
      3,
      4,
      5,
      6,
      7,
      8,
      9,
      10,
      11,
      12,
      13,
      14,
      15,
      16,
      17,
      18,
      19,
      20,
      21,
      22,
      23,
      24,
      25,
      26,
      27,
      28,
      29,
      30,
      31
    ],
    [
      0,
      1,
      2,
      3,
      4,
      5,
      6,
      7,
      8,
      9,
      10,
      11,
      12,
      13,
      14,
      15
    ],
    [
      0,
      1,
      2,
      3,
      4,
      5,
      6,
      7,
      8,
      9,
      10,
      11,
      12,
      13,
      14,
      15,
      16,
      17,
      18,
      19,
      20,
      21,
      22,
      23,
      24,
      25,
      26,
      27,
      28,
      29,
      30,
      31
    ],
    [
      0,
      1,
      2,
      3,
      4,
      5,
      6,
      7,
      8,
      9,
      10,
      11,
      12,
      13,
      14,
      15
    ],
    [
      0,
      1,
      2,
      3,
      4,
      5,
      6,
      7,
      8,
      9,
      10,
      11,
      12,
      13,
      14,
      15,
      16,
      17,
      18,
      19,
      20,
      21,
      22,
      23,
      24,
      25,
      26,
      27,
      28,
      29,
      30,
      31
    ],
    [
      0,
      1,
      2,
      3,
      4,
      5,
      6,
      7,
      8,
      9,
      10,
      11,
      12,
      13,
      14,
      15
    ],
    [
      0,
      1,
      2,
      3,
      4,
      5,
      6,
      7,
      8,
      9,
      10,
      11,
      12,
      13,
      14,
      15,
      16,
      17,
      18,
      19,
      20,
      21,
      22,
      23,
      24,
      25,
      26,
      27,
      28,
      29,
      30,
      31
    ],
    [
      0,
      1,
      2,
      3,
      4,
      5,
      6,
      7,
      8,
      9,
      10,
      11,
      12,
      13,
      14,
      15
    ],
    [
      0,
      1,
      2,
      3,
      4,
      5,
      6,
      7,
      8,
      9,
      10,
      11,
      12,
      13,
      14,
      15,
      16,
      17,
      18,
      19,
      20,
      21,
      22,
      23,
      24,
      25,
      26,
      27,
      28,
      29,
      30,
      31
    ],
    [
      0,
      1,
      2,
      3,
      4,
      5,
      6,
      7,
      8,
      9,
      10,
      11,
      12,
      13,
      14,
      15
    ],
    [
      0,
      1,
      2,
      3,
      4,
      5,
      6,
      7,
      8,
      9,
      10,
      11,
      12,
      13,
      14,
      15,
      16,
      17,
      18,
      19,
      20,
      21,
      22,
      23,
      24,
      25,
      26,
      27,
      28,
      29,
      30,
      31
    ],
    [
      0,
      1,
      2,
      3,
      4,
      5,
      6,
      7,
      8,
      9,
      10,
      11,
      12,
      13,
      14,
      15
    ],
    [
      0,
      1,
      2,
      3,
      4,
      5,
      6,
      7,
      8,
      9,
      10,
      11,
      12,
      13,
      14,
      15,
      16,
      17,
      18,
      19,
      20,
      21,
      22,
      23,
      24,
      25,
      26,
      27,
      28,
      29,
      30,
      31
    ],
    [
      0,
      1,
      2,
      3,
      4,
      5,
      6,
      7,
      8,
      9,
      10,
      11,
      12,
      13,
      14,
      15
    ],
    [
      0,
      1,
      2,
      3,
      4,
      5,
      6,
      7,
      8,
      9,
      10,
      11,
      12,
      13,
      14,
      15,
      16,
      17,
      18,
      19,
      20,
      21,
      22,
      23,
      24,
      25,
      26,
      27,
      28,
      29,
      30,
      31
    ],
    [
      0,
      1,
      2,
      3,
      4,
      5,
      6,
      7,
      8,
      9,
      10,
      11,
      12,
      13,
      14,
      15
    ]
  ]
}
